-3812996860739717299,Holis
867120054544845601,Holis
4104752091874790865,Holis
4826671630289428842,Holis
4772829341566799744,Holis
-4566227428697576236,Holis
1669364283024452147,Holis
-256748707297392385,Holis
5643659529471012966,Holis
-3796566980081658179,Holis
-6502410324635355773,Holis
209102328229874736,Holis
6374863848355906854,Holis
-1133347410957845387,Holis
-3620552828956660504,Holis
4778566258186012610,Holis
5796140859899685088,Holis
2172151129087756805,Holis
94509993687690450,Holis
-2140117166989206577,Holis
-427518212511204676,Holis
-7234323297753017649,Holis
-189287780266704830,Holis
-4349236001419994665,Holis
-4569013619904150205,Holis
3002658526276742369,Holis
7798513618928914853,Holis
-3812996860739717299,Holis
-2746038665450431218,Holis
7157927135631603589,Holis
4643143316517631781,Holis
-477352000640613457,Holis
-3775641323822615892,Holis
-8891205535112710410,Holis
-8839951634660683869,Holis
-2729330689977472366,Holis
3992806801085568068,Holis
-6355509647708443822,Holis
-3537562373526779754,Holis
7794099557447514386,Holis
7600009959573687300,Holis
7921539064004616208,Holis
-7640745468340220430,Holis
2551802837043475620,Holis
-8581891751661944907,Holis
419609558940771855,Holis
3905495864524334257,Holis
-8476911857151717914,Holis
6686071457466037582,Holis
6708472584555679380,Holis
-5353464237132534806,Holis
717566925329709847,Holis
4987427053483054120,Holis
-8508312143380298383,Holis
4876051666744170083,Holis
-5024105073130681592,Holis
8411457496160965353,Holis
5804300745086020652,Holis
626282719725759871,Holis
-5120033429063603347,Holis
-8312790326848808201,Holis
3455033694149031740,Holis
6490531130890447869,Holis
-8965399581721280616,Holis
-8928556489134263431,Holis
639405094183571122,Holis
6596289940476947766,Holis
2287995140867788146,Holis
3570721895996144252,Holis
-5353464237132534806,Holis
-5110585580119600317,Holis
-1157378527087394560,Holis
-1379881021971265206,Holis
595946463994336672,Holis
-4944998141627968028,Holis
1560641479034749416,Holis
5446795970580908082,Holis
2535091579935495357,Holis
-2076610839226695872,Holis
8153063148941075460,Holis
1386895294149245873,Holis
-4619639319342961562,Holis
3860660817813569145,Holis
3839117636197932629,Holis
-5499767860714898560,Holis
-5976659813485579760,Holis
-3174011348469153894,Holis
8200777231711376333,Holis
7835335672213458382,Holis
585544679252510183,Holis
-4182592715346819608,Holis
540096564414621281,Holis
-2720857621635955338,Holis
2168929443263577020,Holis
-8061710490625442162,Holis
-8175009921145751668,Holis
-7091824445455760116,Holis
2034211155020016675,Holis
9066982591427835957,Holis
4509459246971839310,Holis
-3281464094282120300,Holis
8919355791246905595,Holis
794130676214526890,Holis
-8837110165823666850,Holis
-2076610839226695872,Holis
2383053802144938908,Holis
-709969326880510263,Holis
6486953388790796919,Holis
1792553423881950953,Holis
6194445088850218906,Holis
1337909017913522048,Holis
3080944572253397464,Holis
4778566258186012610,Holis
8608539421212838364,Holis
7663527227580699188,Holis
6195004235947890987,Holis
794130676214526890,Holis
4589089125350193921,Holis
993556335645881361,Holis
-6357112616221168450,Holis
-8407799124866854217,Holis
1241086175361419566,Holis
-5247514782225729922,Holis
331213047901393972,Holis
115165234723032908,Holis
350125031077859158,Holis
1669364283024452147,Holis
-2529165234455997620,Holis
8160523928788466091,Holis
-914115092379966347,Holis
1175315215030101863,Holis
-3558599451374411636,Holis
8996014079360566667,Holis
3349622864045577659,Holis
-3048072921639255119,Holis
1963375449365210926,Holis
-6804397197133585596,Holis
3778146121720986919,Holis
3135797700426686183,Holis
7663527227580699188,Holis
-3670651807613105092,Holis
8039837292089284417,Holis
7399912950169173616,Holis
-862172688172769857,Holis
-7741723290514654422,Holis
-5855573230837083962,Holis
-3058322191802112867,Holis
-7986519843096910156,Holis
-7250730371324329391,Holis
353906529900392827,Holis
9102998012789339089,Holis
-7659335447706985788,Holis
7799202717176975339,Holis
-6435375476441322399,Holis
-3893013387168399911,Holis
717566925329709847,Holis
2689542289452346631,Holis
4817807151625493084,Holis
7207316710110534876,Holis
-3549939248604667860,Holis
-132264673714327111,Holis
-7169580706124843264,Holis
8615445581051731159,Holis
-381139704560576481,Holis
7485173154849864242,Holis
-8328845931975766540,Holis
6663721078653361960,Holis
6486078381341885347,Holis
-3496353865846416885,Holis
1600816673141879735,Holis
-5728608591759833779,Holis
3076514466567971917,Holis
-4945129755987058954,Holis
-5717812408547900991,Holis
-9107046010243105914,Holis
-4071018735252019752,Holis
4407651319371972877,Holis
8039837292089284417,Holis
4710016384546237333,Holis
-8388000887996848182,Holis
-3134586427660632454,Holis
6279685556180649840,Holis
6190367426306012508,Holis
-6492787812156415490,Holis
-2671332422852030090,Holis
7793162017874123447,Holis
69798233771869050,Holis
-5198678590976947811,Holis
1022866880679835073,Holis
-5790578474063975979,Holis
-516810915235471743,Holis
-381848337310213230,Holis
-8882362598840261919,Holis
-3445598552831092929,Holis
-1931012665122584882,Holis
-8597021501815000132,Holis
-2347456577323289805,Holis
5237377250463681677,Holis
3598264535127418017,Holis
-8597021501815000132,Holis
-1007194934781986339,Holis
-5950824241834096968,Holis
328365009722024627,Holis
-7280140198693840686,Holis
-1491679368306599657,Holis
3189135391174851540,Holis
-4487977674061309843,Holis
-7161479326296830726,Holis
-5222764413706478916,Holis
-1785693427258812143,Holis
8709277406582970363,Holis
-8262560356742077752,Holis
1121947979352369819,Holis
-5222764413706478916,Holis
5022575551005405688,Holis
-8230822323847709763,Holis
1187715044413642791,Holis
4876051666744170083,Holis
-3700065238914200376,Holis
4519881863825667553,Holis
3856565094741369820,Holis
639405094183571122,Holis
-710763372248065069,Holis
1730721666936850318,Holis
-4466253781561855808,Holis
4643143316517631781,Holis
4961375870820651825,Holis
-3064499071399291848,Holis
764921689300016407,Holis
-5426127676146183087,Holis
-1541574872326748407,Holis
2551802837043475620,Holis
2551802837043475620,Holis
-2503453173159758060,Holis
114804099331121569,Holis
-2988395348604157292,Holis
-5725563669944391070,Holis
8153128924266263279,Holis
6773989566297811666,Holis
-1517592532698183747,Holis
-7171012588026447474,Holis
-1901829879692899820,Holis
2796124172800719602,Holis
-5056922930230321877,Holis
-6922025361341348927,Holis
3705960416406551175,Holis
-1238461629872311472,Holis
-8647986979822534851,Holis
2098752266831068383,Holis
8799599148675330084,Holis
-4035516868654020411,Holis
186161658978516506,Holis
-3735589150140573832,Holis
-1854756120258722084,Holis
-3542011198035529997,Holis
-3889105010454396894,Holis
-6707801769317713572,Holis
-7574170947618929193,Holis
-4618166200325566355,Holis
-5499767860714898560,Holis
-6655099177855032564,Holis
-4703345128743675180,Holis
1669364283024452147,Holis
-2152638375347953748,Holis
-1023371682378454100,Holis
-8691856140696453928,Holis
1753107942436251117,Holis
4113245433161366224,Holis
4055869253202659233,Holis
1591559459202717643,Holis
-3100220183257236511,Holis
-1730785080088683862,Holis
2981481878661519924,Holis
-3775641323822615892,Holis
-3876505870155344755,Holis
1591559459202717643,Holis
6666585781330785806,Holis
-6670465683576504174,Holis
-710763372248065069,Holis
8335662829893462072,Holis
6175286920511037992,Holis
8081918464091200053,Holis
-6522188341966975381,Holis
1319288597727046324,Holis
2271451470121394822,Holis
-8848680498316878501,Holis
8200777231711376333,Holis
-5535434927258335028,Holis
-2720857621635955338,Holis
-8882362598840261919,Holis
-2095843561041070451,Holis
-5374656986279042270,Holis
6796570539683887937,Holis
-3494739134461459378,Holis
4072179745854367183,Holis
8858237203485214939,Holis
-5734728188811441096,Holis
-3477076736753893302,Holis
4304712364090953805,Holis
-3332126265809574022,Holis
-1386217782079653866,Holis
2982221885574287572,Holis
2196807068372810609,Holis
6404494412296072965,Holis
9039546706471693040,Holis
5327718738033611339,Holis
8925260010527685479,Holis
-8484481852666353137,Holis
2650384129482926322,Holis
-9010593341127421911,Holis
-9193615194959050585,Holis
3294136666750561064,Holis
6696281417457257538,Holis
-1215393237862598766,Holis
4146360285418445550,Holis
-5198678590976947811,Holis
540096564414621281,Holis
-1168067873432677826,Holis
-1687682183981689023,Holis
1421508738324092750,Holis
6156159715556098048,Holis
-3810498323299707546,Holis
2052002035172316727,Holis
-1238461629872311472,Holis
-8328845931975766540,Holis
4826671630289428842,Holis
2293544982542672317,Holis
-5252485943177610362,Holis
7900925280420448124,Holis
-6383426351509743575,Holis
3212884790310540438,Holis
-1306609840250080414,Holis
-4053369760466394793,Holis
4225190628924358284,Holis
-4188867421518703282,Holis
-4117145481523856472,Holis
4582742851680854278,Holis
8140511709655006675,Holis
-609889806285524759,Holis
9078992628164176715,Holis
1241086175361419566,Holis
7753788767283937106,Holis
1159303454285121436,Holis
7663527227580699188,Holis
-884493374349346426,Holis
-7889592117459556426,Holis
-1717001139655772283,Holis
5581752335328632639,Holis
-4418986825696827422,Holis
3878855434999721019,Holis
1277117827242775056,Holis
-2953891540057069463,Holis
6373353735800874145,Holis
2897386175298220314,Holis
5137686577661016922,Holis
3189135391174851540,Holis
-212980381951386704,Holis
1844655788128591806,Holis
-6099196754629177110,Holis
-3078727758378378262,Holis
-2140117166989206577,Holis
-1011517750192047876,Holis
6663721078653361960,Holis
-6297132361051098476,Holis
-3493023837698302491,Holis
-2140117166989206577,Holis
2034872952990334594,Holis
134128099838288089,Holis
44471431430908681,Holis
6426701763266071710,Holis
-7690114426219443729,Holis
131893532674514229,Holis
-3776439875070040588,Holis
-3700065238914200376,Holis
-7789564234612141287,Holis
2796124172800719602,Holis
-4188867421518703282,Holis
-1846398481778671072,Holis
-8790049953975816620,Holis
-8442109772058810745,Holis
-6528596768136009209,Holis
8311595580102287676,Holis
3819205522089771374,Holis
-1268303947074339055,Holis
-2714584804261766638,Holis
2996244534449744220,Holis
-8227492972467684728,Holis
-3117601454013676353,Holis
-8851273330700877300,Holis
-2914094457554283319,Holis
6195004235947890987,Holis
-8255347325870817377,Holis
2749413036886446750,Holis
-5758185183906429465,Holis
-6459940053506625535,Holis
-5855573230837083962,Holis
1600816673141879735,Holis
6092911551713301992,Holis
-6251226294966512780,Holis
-3957197093650303706,Holis
-4618166200325566355,Holis
-1650226484870593494,Holis
1809087252829722128,Holis
8122152863032632737,Holis
8750737414808034552,Holis
-2636069495652722994,Holis
-8647986979822534851,Holis
-1931012665122584882,Holis
-4053369760466394793,Holis
4985869805586191922,Holis
-3787656485053559101,Holis
7913607502208281502,Holis
3189135391174851540,Holis
5900169661080266288,Holis
-7129269362060091696,Holis
2200975166947351619,Holis
-5728608591759833779,Holis
1214822107905504504,Holis
1986153734556857111,Holis
2395247909285107427,Holis
-6008953420717084052,Holis
7055828502081129884,Holis
-1597996586194645536,Holis
6261173247057442634,Holis
3942224590838738215,Holis
-7264545651214594569,Holis
-9066914550055890171,Holis
-3497357632824851707,Holis
4660906675104523743,Holis
434355567786130678,Holis
4440114431277990973,Holis
-4053369760466394793,Holis
-1750007604347269257,Holis
2999955629416892071,Holis
-6181036967225582237,Holis
-511142932415784218,Holis
8368325005817074169,Holis
6175286920511037992,Holis
3080944572253397464,Holis
7153444926340589222,Holis
717566925329709847,Holis
6376585293818081255,Holis
-8539398900623555503,Holis
9105235644123768695,Holis
3890589493044602156,Holis
545638747085567842,Holis
6222460855744642743,Holis
-5803142996660085015,Holis
-445804721162165994,Holis
-8230822323847709763,Holis
-4292941752702372703,Holis
-3445377569863131280,Holis
-2848616269168205166,Holis
6404494412296072965,Holis
-2182751754667021993,Holis
-3111771349938830097,Holis
-5506420890559072207,Holis
-8184599278596624295,Holis
1241086175361419566,Holis
8483369488403084905,Holis
-2558757900450500061,Holis
-7923251387296363462,Holis
4670218858364668866,Holis
4482864693522160510,Holis
-2679682933566409707,Holis
6786948069266056730,Holis
-5110585580119600317,Holis
-2126770116389039815,Holis
-4117145481523856472,Holis
2098752266831068383,Holis
-5608691121126021461,Holis
7275854668658372552,Holis
7288550431104506824,Holis
388014523497792322,Holis
1986153734556857111,Holis
186161658978516506,Holis
-8928556489134263431,Holis
-4506992953671226392,Holis
773581414726414822,Holis
6285134924743312438,Holis
3848216403356666314,Holis
-7982359213776048220,Holis
5110474486805092300,Holis
-2418087143248778032,Holis
-6355509647708443822,Holis
-3543682633354211170,Holis
-5081586953035590967,Holis
-6707801769317713572,Holis
-445804721162165994,Holis
7516679509716526637,Holis
-6752325346643461341,Holis
4055869253202659233,Holis
631346210393221612,Holis
-6982904867917082973,Holis
6349637090135650348,Holis
-6008953420717084052,Holis
-5194154635788092677,Holis
6819371612131306867,Holis
-294517169068392060,Holis
-1312972230149419640,Holis
-4182592715346819608,Holis
8859790444631857994,Holis
8933431457572536867,Holis
-8647986979822534851,Holis
-6504755902922158182,Holis
7055828502081129884,Holis
-6099196754629177110,Holis
-6008953420717084052,Holis
1421508738324092750,Holis
6195004235947890987,Holis
-7872161422810303714,Holis
-4382280856273107335,Holis
-7874421131524101306,Holis
-477352000640613457,Holis
6951058411188713340,Holis
2608362513749040899,Holis
-7287190722555976568,Holis
-6476766219786262131,Holis
432593262017087675,Holis
-6963221587461941268,Holis
3616929083099604884,Holis
2961771893961196265,Holis
4062314098646590940,Holis
5235377685952023164,Holis
-477352000640613457,Holis
6224741756685727516,Holis
-7524298713792164932,Holis
-6478160425824167066,Holis
5047385785393151435,Holis
-947843921801074806,Holis
-6171837207536597344,Holis
-30147253088819376,Holis
4646333473556846828,Holis
7794099557447514386,Holis
-8994946496296363996,Holis
8202352405913526383,Holis
-8538053052522258433,Holis
-1655192735240227156,Holis
226691997325046361,Holis
-8252322388771771706,Holis
836012574294462382,Holis
-1408668269976844485,Holis
6136811991464852423,Holis
-4487977674061309843,Holis
9078992628164176715,Holis
7799202717176975339,Holis
-6116202604100570548,Holis
-9211371658535491446,Holis
6996157272659793610,Holis
-2522011504736967884,Holis
4501976120881616723,Holis
-2729941103712042896,Holis
7798513618928914853,Holis
-3796810756637516132,Holis
-4667655263343174194,Holis
6486953388790796919,Holis
6996157272659793610,Holis
-432455953032564612,Holis
1608848195990429216,Holis
-635530612598291773,Holis
-1408668269976844485,Holis
-4629545516721845499,Holis
-1555599478383227941,Holis
4660906675104523743,Holis
-2152638375347953748,Holis
3313382332696791866,Holis
5249659927187675213,Holis
4772829341566799744,Holis
3812509570732270625,Holis
-6504755902922158182,Holis
7490194900163710752,Holis
-8844831394838499711,Holis
-5257534648318746328,Holis
8706549893016882609,Holis
-8255347325870817377,Holis
4586657723479348658,Holis
-6494616854107633608,Holis
-5285788712608375262,Holis
4473535013763831686,Holis
1839617554021934168,Holis
2607697770535259047,Holis
-3424335657930920657,Holis
-3007222365701522781,Holis
-2714584804261766638,Holis
-3291526600773028954,Holis
307661620384476037,Holis
7025774935005606825,Holis
4760229533050767016,Holis
-2152638375347953748,Holis
7611469538650271521,Holis
-6249436606113019945,Holis
-1931012665122584882,Holis
654956708087808121,Holis
7093813871636555839,Holis
-5045773896288868275,Holis
7055828502081129884,Holis
2948836315403369368,Holis
-3775641323822615892,Holis
-4287305685563390916,Holis
-101956417374592968,Holis
6796570539683887937,Holis
2650384129482926322,Holis
4187984345668395139,Holis
6374863848355906854,Holis
-3445598552831092929,Holis
-7466040881841457631,Holis
-477352000640613457,Holis
-3134586427660632454,Holis
-6806097720510543341,Holis
-6200217883170608274,Holis
-7441782165104176958,Holis
-5154872122979882385,Holis
2100751411827973629,Holis
6292985716584674041,Holis
-8227492972467684728,Holis
-3007222365701522781,Holis
3720391329279128144,Holis
4937102648623502973,Holis
-4220812363107991794,Holis
7171323836436997975,Holis
7663527227580699188,Holis
867120054544845601,Holis
-7338746166260055754,Holis
4483149139443114135,Holis
4695305724993691411,Holis
5704771505594634562,Holis
-2344065927204668756,Holis
8622039112639131253,Holis
6307816726940965299,Holis
5767160008633417319,Holis
-3700065238914200376,Holis
61672904071141188,Holis
4187984345668395139,Holis
7150493055242205261,Holis
-7243299901661682253,Holis
-6008953420717084052,Holis
4211892523002938666,Holis
6135054988010823492,Holis
7662635759422561900,Holis
-749219968170321964,Holis
-6781397535205828739,Holis
-2558757900450500061,Holis
8311595580102287676,Holis
-3251876088210881519,Holis
-6922025361341348927,Holis
-2265702461127619757,Holis
523526987621538333,Holis
-6504755902922158182,Holis
8331240125776154966,Holis
-1330758201872908085,Holis
8835236860876632274,Holis
-6008953420717084052,Holis
7968432687251024152,Holis
-7479363826791669031,Holis
-6357112616221168450,Holis
-8790049953975816620,Holis
-401733108930731902,Holis
-3796810756637516132,Holis
3009638765537801489,Holis
-8647986979822534851,Holis
-6417778659255360027,Holis
-3504398506820684204,Holis
-8848680498316878501,Holis
1159303454285121436,Holis
-8442109772058810745,Holis
6711044988005149104,Holis
2172151129087756805,Holis
7469882732637371235,Holis
-8535903233217774628,Holis
-538669172683651659,Holis
6711044988005149104,Holis
3890589493044602156,Holis
2379914919180531005,Holis
-1078216475945189156,Holis
3819205522089771374,Holis
3419273981338055079,Holis
4275327755847776422,Holis
6996157272659793610,Holis
-1748357526344904077,Holis
2061465005400045835,Holis
2914695318458556619,Holis
-2971339212128655160,Holis
-2311956890900220253,Holis
8081097458975033869,Holis
-2116836958338875179,Holis
1271063450948605661,Holis
6728716327316908070,Holis
8117140848201367206,Holis
6597737168064305076,Holis
-4506992953671226392,Holis
-8609951793678761110,Holis
-3048072921639255119,Holis
9116223962743405415,Holis
3009638765537801489,Holis
1461269704388249598,Holis
-8140123766851871842,Holis
3878855434999721019,Holis
-7287190722555976568,Holis
7913607502208281502,Holis
-9209584869149021321,Holis
8636067313413966940,Holis
5137686577661016922,Holis
836012574294462382,Holis
7516679509716526637,Holis
5804300745086020652,Holis
4440114431277990973,Holis
773731448704941557,Holis
-3796810756637516132,Holis
2692067527866386535,Holis
-4914309183462867174,Holis
4526654072255732693,Holis
2307155367021203797,Holis
4275327755847776422,Holis
2030168403603477155,Holis
4876051666744170083,Holis
138680100834448395,Holis
461378928759212865,Holis
2985299011442597850,Holis
-6740640392042633777,Holis
-7334309768006291517,Holis
-4873981320027017436,Holis
-5024105073130681592,Holis
-3973269658984368276,Holis
-8843871609767359683,Holis
-6781397535205828739,Holis
210645133302751839,Holis
6796570539683887937,Holis
7299758586703303892,Holis
-7127733199985094162,Holis
-7434094063625546905,Holis
-3260704540154941322,Holis
61672904071141188,Holis
-8328845931975766540,Holis
-3843268748826552687,Holis
8707232523602651752,Holis
5237377250463681677,Holis
1751122629130613023,Holis
-8209762902543794428,Holis
2608362513749040899,Holis
-5389552006622293491,Holis
7226502575481819156,Holis
4226248166823077883,Holis
672316122492044251,Holis
8861635775356018431,Holis
-7243299901661682253,Holis
-2930436219424722953,Holis
-4959826564360533311,Holis
8675512526956172256,Holis
-618538734653503955,Holis
3834555443354952642,Holis
-3386071676653095345,Holis
3492206497496573591,Holis
6190367426306012508,Holis
2785831209690253922,Holis
5366370812448155645,Holis
4468768521663731836,Holis
3979940854890868652,Holis
-3937227904155896035,Holis
3744235488725388776,Holis
4933167925413813769,Holis
2030168403603477155,Holis
4493398136748336271,Holis
5354005754271806742,Holis
895271389179293836,Holis
-7686704625116355460,Holis
9185937022624427183,Holis
-8262560356742077752,Holis
-2807090278656922053,Holis
7753788767283937106,Holis
138081547612668221,Holis
-1330758201872908085,Holis
-2424185501913752202,Holis
631620537402110854,Holis
5296343979400188859,Holis
2921843118518092355,Holis
-8784828234938570609,Holis
-4921494333029849688,Holis
-6827597230067410582,Holis
-7280140198693840686,Holis
506046775231922791,Holis
6897524231475533796,Holis
4457023776407016250,Holis
-7278149768339637513,Holis
-5976659813485579760,Holis
-8377857268701688201,Holis
4183843476485866514,Holis
6897524231475533796,Holis
4778566258186012610,Holis
-4566616358406302552,Holis
5694001830913530430,Holis
8206364632314590936,Holis
-147899423480513500,Holis
-207797461063660259,Holis
-5535434927258335028,Holis
-3129018579611976358,Holis
3878855434999721019,Holis
-5689239188269772882,Holis
-3684271419250093485,Holis
7433097063120103634,Holis
8346271155561075418,Holis
5523044965841869080,Holis
-8882033833049874713,Holis
2383053802144938908,Holis
-2503453173159758060,Holis
-4996011592357775301,Holis
-1507250621018133713,Holis
-1978962664185393022,Holis
-7466040881841457631,Holis
4643143316517631781,Holis
3409660874044205406,Holis
6135054988010823492,Holis
-4067772618949139113,Holis
-4950668994231955239,Holis
2509498528979881769,Holis
7468505338891983899,Holis
7110109238025358792,Holis
5274668121715864180,Holis
3362542438173801153,Holis
-5855573230837083962,Holis
-5324780075772198952,Holis
872783412094900434,Holis
-6816043594665965187,Holis
6166277856938193437,Holis
6404494412296072965,Holis
-8255347325870817377,Holis
-1676388071674222521,Holis
-1750007604347269257,Holis
5704771505594634562,Holis
-7158665995346755979,Holis
1218755340063372785,Holis
-4290941556816280335,Holis
6616397917421561367,Holis
307661620384476037,Holis
-2769204974962404813,Holis
-2182751754667021993,Holis
29572468448697186,Holis
-202316477411864504,Holis
4710016384546237333,Holis
-8848680498316878501,Holis
-1787080518030621772,Holis
-7915143300626543522,Holis
2463242426084821977,Holis
-3735589150140573832,Holis
6601358538688422583,Holis
-3553815955309779971,Holis
-3493023837698302491,Holis
377418812711596675,Holis
3717751006582940349,Holis
1161927973461171085,Holis
1844655788128591806,Holis
-2413674800625160990,Holis
914397103690542148,Holis
7798513618928914853,Holis
3900499744229269102,Holis
-4363660689666615462,Holis
-4117145481523856472,Holis
-3707154147106972320,Holis
-6781397535205828739,Holis
-8599202283826996569,Holis
4032251153621896849,Holis
-3618491170347783318,Holis
2437511098737686525,Holis
773731448704941557,Holis
1535103756219338449,Holis
3233560385014720117,Holis
-2140117166989206577,Holis
7796802425753468884,Holis
723219070466519018,Holis
-2334160968478013058,Holis
-1964712178390633662,Holis
-6990236087349618097,Holis
-3586990226073510210,Holis
-187197112748166182,Holis
-6041607594636323218,Holis
-6259392276859773510,Holis
-2620166710279916704,Holis
2692067527866386535,Holis
3889228230060996600,Holis
-7129269362060091696,Holis
-7524298713792164932,Holis
-8096248922702048991,Holis
-5575981636892286950,Holis
626282719725759871,Holis
-8837110165823666850,Holis
4617150897467322098,Holis
7867887022500587233,Holis
-3013273988103263535,Holis
-1092606909533738309,Holis
7611469538650271521,Holis
-3796810756637516132,Holis
-3473138116990102146,Holis
1924178567029255790,Holis
1730721666936850318,Holis
1536232865665093727,Holis
5106800858855028727,Holis
-5057039581219567625,Holis
-6541491017475704875,Holis
-8227492972467684728,Holis
-4204858854134451832,Holis
1040486953176979530,Holis
-5194154635788092677,Holis
-5298956426384971819,Holis
2298923518182459930,Holis
8799599148675330084,Holis
-9143033253663640586,Holis
-8421978697437976953,Holis
-5697750438428328952,Holis
1319288597727046324,Holis
-618538734653503955,Holis
-7732954825377215290,Holis
-6523042293432861578,Holis
-3118290816396813477,Holis
-947843921801074806,Holis
5113349378360736112,Holis
6429813103666994869,Holis
2168929443263577020,Holis
-4071018735252019752,Holis
8543744389163576185,Holis
8675512526956172256,Holis
509830917300738222,Holis
-4117145481523856472,Holis
-1750007604347269257,Holis
-8247760591787440778,Holis
3313382332696791866,Holis
388014523497792322,Holis
-2875046512848533034,Holis
8858237203485214939,Holis
-6619854307811197904,Holis
-3493023837698302491,Holis
-3048072921639255119,Holis
-2334160968478013058,Holis
-5725563669944391070,Holis
6509226392594243451,Holis
8292458906828647506,Holis
6462749701113438035,Holis
1319778350141847520,Holis
-3473138116990102146,Holis
-3634531906782808578,Holis
1591559459202717643,Holis
-6329865980083378060,Holis
-5855573230837083962,Holis
-7441782165104176958,Holis
1844655788128591806,Holis
5796140859899685088,Holis
-3618491170347783318,Holis
-2456413764036558713,Holis
-1136002028429150718,Holis
-2980038556721313965,Holis
-3197395628692990344,Holis
-8539398900623555503,Holis
-7196007997119511072,Holis
-8784828234938570609,Holis
9119386362368149495,Holis
-6417778659255360027,Holis
-3796810756637516132,Holis
-4667655263343174194,Holis
4225190628924358284,Holis
660190264595025427,Holis
639405094183571122,Holis
1121947979352369819,Holis
565622252401028109,Holis
-8367583791443296354,Holis
-3100220183257236511,Holis
922686107446193486,Holis
-3386071676653095345,Holis
8608539421212838364,Holis
-5024105073130681592,Holis
4868034978436246932,Holis
-2107406429914670281,Holis
-1748357526344904077,Holis
5296343979400188859,Holis
-3445377569863131280,Holis
-2096646646044592074,Holis
307661620384476037,Holis
-8227492972467684728,Holis
7117930619202961552,Holis
5872907944847485226,Holis
-1136002028429150718,Holis
-7640745468340220430,Holis
-581084724401870663,Holis
432593262017087675,Holis
-8421978697437976953,Holis
1229250417723885071,Holis
419609558940771855,Holis
-5198678590976947811,Holis
3464346393031987629,Holis
-479756946869204557,Holis
6724958799502491066,Holis
-8262560356742077752,Holis
6416745437151760134,Holis
-3807079098307293555,Holis
-2274562820601871892,Holis
-4042914440249281189,Holis
7794099557447514386,Holis
6887291005556645964,Holis
2182634013520794330,Holis
-4121488326348651863,Holis
-9160997108609965721,Holis
7960124833376516953,Holis
6106191913261628514,Holis
-635791908943589338,Holis
2608362513749040899,Holis
-8184599278596624295,Holis
-7334309768006291517,Holis
6686344232300500467,Holis
4784326761013407661,Holis
7275854668658372552,Holis
8799708884457113921,Holis
-6781397535205828739,Holis
7081315538903189163,Holis
-2384179640044805511,Holis
-1136002028429150718,Holis
-6462048890177523514,Holis
-5081586953035590967,Holis
-9009380132454581141,Holis
8111179628877795567,Holis
-5431898652041882738,Holis
3417092498796428348,Holis
6601358538688422583,Holis
3615251479038744304,Holis
-2636069495652722994,Holis
-9017469805545256443,Holis
-6650241144873149673,Holis
-101956417374592968,Holis
5896414405666088670,Holis
-3466686924841474498,Holis
7110109238025358792,Holis
-6379614595552980708,Holis
6224741756685727516,Holis
-2503462596133219925,Holis
-2720857621635955338,Holis
-3922654188731214294,Holis
6166277856938193437,Holis
-2935913236193634404,Holis
-3937227904155896035,Holis
4480659166353700162,Holis
186161658978516506,Holis
2704769820365570952,Holis
-2126770116389039815,Holis
1910363656691949143,Holis
5900169661080266288,Holis
2551802837043475620,Holis
-6124657286987089567,Holis
-8297742880383396591,Holis
2507249277552944968,Holis
-4038528359769205283,Holis
-3493023837698302491,Holis
794130676214526890,Holis
8709277406582970363,Holis
-7874421131524101306,Holis
2821123939858969451,Holis
-7217713313615220464,Holis
16124954200478604,Holis
-3937227904155896035,Holis
6292867593443141432,Holis
-8609951793678761110,Holis
-2830701873369945401,Holis
-2230594769856390233,Holis
2650384129482926322,Holis
-1660743644424971643,Holis
773731448704941557,Holis
-6181036967225582237,Holis
-1529233207019096859,Holis
-1007194934781986339,Holis
-1846398481778671072,Holis
-445804721162165994,Holis
4068632360885492261,Holis
-8848680498316878501,Holis
7229839452973064389,Holis
-1462552457429324715,Holis
1187715044413642791,Holis
1230830408506463139,Holis
-6694916068233122114,Holis
-4821095731779282279,Holis
-2549303666895018461,Holis
6663721078653361960,Holis
-676779157790630956,Holis
-647376335691862266,Holis
-6528596768136009209,Holis
-4884885499755236948,Holis
8729919472972980788,Holis
1277117827242775056,Holis
5581752335328632639,Holis
5446795970580908082,Holis
-8252322388771771706,Holis
1591559459202717643,Holis
1630659730890864790,Holis
-5915390590412882110,Holis
-5298956426384971819,Holis
-2564218917590555905,Holis
-8538053052522258433,Holis
5649321310160966361,Holis
7490194900163710752,Holis
7752578118993848623,Holis
3753602036558023174,Holis
-511142932415784218,Holis
8280753719101829528,Holis
377418812711596675,Holis
-4408035291396443063,Holis
-4667655263343174194,Holis
-3129018579611976358,Holis
-930020015084350276,Holis
8421452498356145619,Holis
7150493055242205261,Holis
2038117349604254101,Holis
6349637090135650348,Holis
-1408668269976844485,Holis
-2848422304136143998,Holis
6284504455436833140,Holis
7663527227580699188,Holis
4817807151625493084,Holis
-8901853232186798451,Holis
2749413036886446750,Holis
2188036908324352624,Holis
3889228230060996600,Holis
6768519057622280834,Holis
-7280140198693840686,Holis
1277117827242775056,Holis
3792354494336080262,Holis
4225190628924358284,Holis
-4290941556816280335,Holis
-7681191958447289613,Holis
-1330758201872908085,Holis
3625559513774401081,Holis
6696281417457257538,Holis
3115939910892758020,Holis
-2303301935531294446,Holis
1290904459506426410,Holis
4782449893583269668,Holis
2785831209690253922,Holis
-7923251387296363462,Holis
1328983982763353300,Holis
-2395770972621855167,Holis
3634585175907236609,Holis
6190367426306012508,Holis
-6249436606113019945,Holis
-913464840962997811,Holis
-7801337640337421270,Holis
-7280140198693840686,Holis
8645399470725935026,Holis
-4067772618949139113,Holis
-2458346926283681880,Holis
8206364632314590936,Holis
6270500848998162859,Holis
-8834534992962647201,Holis
-6266838025813822861,Holis
-3496353865846416885,Holis
-1717001139655772283,Holis
884778512869196602,Holis
3345187140338189817,Holis
-2107406429914670281,Holis
516523084931513067,Holis
-676779157790630956,Holis
4987427053483054120,Holis
5704771505594634562,Holis
5446795970580908082,Holis
-7466040881841457631,Holis
717566925329709847,Holis
8039837292089284417,Holis
7600009959573687300,Holis
1022866880679835073,Holis
1296516334937442410,Holis
18151667171864663,Holis
-6589932129081114952,Holis
-6528596768136009209,Holis
-6008953420717084052,Holis
-2413674800625160990,Holis
7361240121800876523,Holis
-6650241144873149673,Holis
-635530612598291773,Holis
815167244141355384,Holis
7720539126766179488,Holis
1844655788128591806,Holis
8117983585950409962,Holis
-4182592715346819608,Holis
8765156071884391602,Holis
7612285610812235860,Holis
397918191266612547,Holis
6796570539683887937,Holis
-6124657286987089567,Holis
7646848777508294237,Holis
-8848680498316878501,Holis
473391663528576325,Holis
-1717001139655772283,Holis
-6392812729892804125,Holis
-7724685488284188572,Holis
8546992262047846168,Holis
5697036092435075566,Holis
1753107942436251117,Holis
-8837110165823666850,Holis
3810917521214031596,Holis
2170145349689289607,Holis
-4854722849817809258,Holis
-8116451415031595837,Holis
-3807079098307293555,Holis
-3957197093650303706,Holis
825114004005267770,Holis
-4314599213381819021,Holis
-3922654188731214294,Holis
-5024105073130681592,Holis
3160664969831233539,Holis
-613757152106622719,Holis
-3117601454013676353,Holis
2650384129482926322,Holis
5137686577661016922,Holis
-3922654188731214294,Holis
-4703345128743675180,Holis
4440114431277990973,Holis
-2983510312112233797,Holis
-3970304626902036889,Holis
6897524231475533796,Holis
5660634965932424647,Holis
2419202308119700922,Holis
121282227013565170,Holis
7229839452973064389,Holis
9116223962743405415,Holis
7858748902018206614,Holis
3485282233736161217,Holis
-4146543450697112788,Holis
-6259392276859773510,Holis
8292458906828647506,Holis
3225094596843291365,Holis
4191363897733815184,Holis
-8609951793678761110,Holis
7468505338891983899,Holis
-2982768200750659051,Holis
2436845813065635186,Holis
-8257991373090066041,Holis
-5505399424555673534,Holis
8587169084904821877,Holis
6616397917421561367,Holis
4493398136748336271,Holis
4413605705973962336,Holis
-2578571864357417316,Holis
-8083700393067779774,Holis
6509226392594243451,Holis
-3291526600773028954,Holis
-5327777681465407995,Holis
-4188867421518703282,Holis
-6757754252370605374,Holis
7029622337138870556,Holis
6073293978765629583,Holis
-147899423480513500,Holis
-2000019563810466542,Holis
4187984345668395139,Holis
6049607966152409037,Holis
-3797872992358920680,Holis
-5715287529256876578,Holis
-6487913053194939789,Holis
-3494739134461459378,Holis
1753107942436251117,Holis
6195004235947890987,Holis
-1735212473658338580,Holis
-7129269362060091696,Holis
-4588584164198156653,Holis
-8312790326848808201,Holis
3085543436538754488,Holis
639405094183571122,Holis
2030168403603477155,Holis
-7617641874736752580,Holis
4935764930368134652,Holis
-686220822274841550,Holis
2801261026120000047,Holis
3369113527619639465,Holis
5873242063139761571,Holis
-2503462596133219925,Holis
7349673944903983491,Holis
-4362847526730427900,Holis
4646333473556846828,Holis
1040486953176979530,Holis
-2123722533991350075,Holis
3810917521214031596,Holis
565622252401028109,Holis
1187715044413642791,Holis
-7874421131524101306,Holis
4485179368625310239,Holis
8644303756341661081,Holis
-7276293820570579687,Holis
565622252401028109,Holis
8861635775356018431,Holis
-3251876088210881519,Holis
-7986519843096910156,Holis
204996866963108993,Holis
6103023296896445839,Holis
6525335603488128333,Holis
2507249277552944968,Holis
6092911551713301992,Holis
4226248166823077883,Holis
-6179687202790764703,Holis
-675074935522514012,Holis
-2126770116389039815,Holis
8682798555267253659,Holis
6461618382740533505,Holis
-915983593552417318,Holis
8421452498356145619,Holis
-6655099177855032564,Holis
4876051666744170083,Holis
-3386071676653095345,Holis
-437951129933428620,Holis
-5608691121126021461,Holis
-4487977674061309843,Holis
3417092498796428348,Holis
2271451470121394822,Holis
9173442959011791994,Holis
565622252401028109,Holis
986197631709656805,Holis
9078992628164176715,Holis
-4182592715346819608,Holis
6017827141478037151,Holis
-7955217800493784940,Holis
-3365027409420104444,Holis
6486953388790796919,Holis
-4579070037636571180,Holis
432593262017087675,Holis
3160664969831233539,Holis
2964426600814921041,Holis
8790442573064515676,Holis
-1785693427258812143,Holis
-2311956890900220253,Holis
6195004235947890987,Holis
-5608691121126021461,Holis
-7287190722555976568,Holis
7335142070704638854,Holis
5949048395685612206,Holis
-1864964063164209744,Holis
8063381454090157311,Holis
-1454597121676397954,Holis
4784326761013407661,Holis
1667360469700598825,Holis
4191363897733815184,Holis
8971414303565533171,Holis
5765456441915675343,Holis
2505572776865790632,Holis
7411501477271552725,Holis
2528208673484044197,Holis
251461522477846978,Holis
1960374187365885096,Holis
-2925522352305625220,Holis
9211145772159394746,Holis
2894099540407983042,Holis
7618425158846402170,Holis
-5697750438428328952,Holis
8461842911109474004,Holis
660190264595025427,Holis
-6260425035426599350,Holis
-1637579276616268838,Holis
6034437684148854920,Holis
-3322847574376207463,Holis
-2830701873369945401,Holis
-3127251403590988083,Holis
3905495864524334257,Holis
3100372587711767597,Holis
5249659927187675213,Holis
-3493023837698302491,Holis
-2334160968478013058,Holis
4902607100163193430,Holis
1319778350141847520,Holis
-4059770156164362009,Holis
-6943812940593979622,Holis
8729919472972980788,Holis
-30147253088819376,Holis
784184417316459130,Holis
-1166285187559389163,Holis
4826671630289428842,Holis
-7948385394151912364,Holis
3570721895996144252,Holis
-4109781611659376846,Holis
-2364363272315773695,Holis
6947770686643674411,Holis
5804300745086020652,Holis
-6694916068233122114,Holis
3464346393031987629,Holis
-5222764413706478916,Holis
-6233599971321722444,Holis
-4566616358406302552,Holis
639405094183571122,Holis
1214822107905504504,Holis
-178136733483342968,Holis
8644303756341661081,Holis
2894099540407983042,Holis
3792354494336080262,Holis
-4109781611659376846,Holis
7349673944903983491,Holis
-5790578474063975979,Holis
-6220208205576355549,Holis
-5066486916182921963,Holis
5506331841267705006,Holis
8933431457572536867,Holis
-5940163026698403474,Holis
2444116245557459117,Holis
-6259392276859773510,Holis
4226248166823077883,Holis
5693395207508582706,Holis
-281024742462425125,Holis
-4965556607461075191,Holis
-4053369760466394793,Holis
-7524298713792164932,Holis
-8837110165823666850,Holis
-4431007464208983498,Holis
773581414726414822,Holis
6440494370118456515,Holis
8505220916849860380,Holis
-862172688172769857,Holis
-5976659813485579760,Holis
94509993687690450,Holis
-4362847526730427900,Holis
1844655788128591806,Holis
7720539126766179488,Holis
8986134363851418059,Holis
-45719101178814813,Holis
-1801453557769156091,Holis
-338404030581565519,Holis
-2811717801815904603,Holis
-1259173314002807738,Holis
895702367234343369,Holis
1337909017913522048,Holis
1492978944561956988,Holis
-914115092379966347,Holis
-5599947681945705723,Holis
9211145772159394746,Holis
-1517592532698183747,Holis
-5268714432298966868,Holis
4742286543464869948,Holis
3093349874613106018,Holis
-9169750375482779325,Holis
8622039112639131253,Holis
8546992262047846168,Holis
-6455427730052080993,Holis
4187984345668395139,Holis
1313180938455655805,Holis
8996014079360566667,Holis
-3700065238914200376,Holis
-884493374349346426,Holis
358788836989363028,Holis
-3260704540154941322,Holis
4413605705973962336,Holis
-401733108930731902,Holis
-8535903233217774628,Holis
-3129018579611976358,Holis
1313180938455655805,Holis
7275854668658372552,Holis
-1487986573697313757,Holis
-5157451821863050312,Holis
-2665217406744791354,Holis
-8247760591787440778,Holis
-5855573230837083962,Holis
3809560258990037762,Holis
-6435375476441322399,Holis
-8239681142954891151,Holis
-3477076736753893302,Holis
3632319381969951288,Holis
5523172560930835729,Holis
-2395770972621855167,Holis
-2334160968478013058,Holis
3905495864524334257,Holis
-6008953420717084052,Holis
-5505087199838653557,Holis
-5855573230837083962,Holis
-7161479326296830726,Holis
2821123939858969451,Holis
6291683489758142217,Holis
7490194900163710752,Holis
-345358476270425989,Holis
-5299494266172855750,Holis
565622252401028109,Holis
7720539126766179488,Holis
8733472651406496082,Holis
-8848680498316878501,Holis
-1963430079882341949,Holis
3889228230060996600,Holis
8723656615609012025,Holis
-7659335447706985788,Holis
-8717702122495146819,Holis
-6124657286987089567,Holis
94509993687690450,Holis
-2395770972621855167,Holis
8796272149713479181,Holis
-2384179640044805511,Holis
3769217238750539759,Holis
4413605705973962336,Holis
-4731253434952433578,Holis
-2988395348604157292,Holis
1121947979352369819,Holis
-7287190722555976568,Holis
2681507029339576287,Holis
4482864693522160510,Holis
2144242601048284504,Holis
347449730521127794,Holis
4789349376870752259,Holis
1809087252829722128,Holis
4663599819124055876,Holis
-2123722533991350075,Holis
5786801882256991934,Holis
7110109238025358792,Holis
-8421978697437976953,Holis
-6008953420717084052,Holis
3189135391174851540,Holis
5366816311908173221,Holis
-5546534796240294933,Holis
-914115092379966347,Holis
4050135933395340322,Holis
-6297132361051098476,Holis
2667201622879958731,Holis
-6650241144873149673,Holis
-9209584869149021321,Holis
-6619854307811197904,Holis
-9169750375482779325,Holis
-3348222730220561091,Holis
-3922654188731214294,Holis
5235377685952023164,Holis
1121947979352369819,Holis
-7196007997119511072,Holis
-2549303666895018461,Holis
-3973269658984368276,Holis
-4921494333029849688,Holis
-7958917245562967672,Holis
9078992628164176715,Holis
-7669774042109631056,Holis
4963267787253320344,Holis
1088627716580982471,Holis
4577292970338459347,Holis
-3009539464121091083,Holis
-381139704560576481,Holis
-1136002028429150718,Holis
-1631227845840006012,Holis
-5374656986279042270,Holis
6440494370118456515,Holis
6331612879530120626,Holis
-8928556489134263431,Holis
-661164608599481693,Holis
-8018448982278974618,Holis
-5389552006622293491,Holis
3809560258990037762,Holis
-5855573230837083962,Holis
-7217713313615220464,Holis
1214822107905504504,Holis
4027159225781284377,Holis
-4042914440249281189,Holis
-1846398481778671072,Holis
1667360469700598825,Holis
-7690114426219443729,Holis
-4348395979533595688,Holis
6440494370118456515,Holis
-3251876088210881519,Holis
-3537562373526779754,Holis
-6259392276859773510,Holis
-2507438239537453227,Holis
-7127733199985094162,Holis
-2623216131135548376,Holis
-3174011348469153894,Holis
136274064776029461,Holis
-2477947152919056283,Holis
-1717001139655772283,Holis
-1785693427258812143,Holis
-4108970055695030933,Holis
-4934555937751523883,Holis
5195583622689302622,Holis
-4071018735252019752,Holis
8677245831607582003,Holis
-3936971804866478438,Holis
-5254055052420186505,Holis
-2919188339683182562,Holis
-6767300901797210470,Holis
3878855434999721019,Holis
8710113663516009619,Holis
-338404030581565519,Holis
-7955217800493784940,Holis
-3891958390228836926,Holis
-3445377569863131280,Holis
3080944572253397464,Holis
8986134363851418059,Holis
6663721078653361960,Holis
5643659529471012966,Holis
-675074935522514012,Holis
1730721666936850318,Holis
-5071063198102555203,Holis
7350798769154836378,Holis
7528374435371837003,Holis
7485173154849864242,Holis
431744581173919574,Holis
-6435375476441322399,Holis
-1963430079882341949,Holis
-3558918247540595388,Holis
546661074380597795,Holis
-3947691714453434342,Holis
-1963430079882341949,Holis
-4619639319342961562,Holis
-3260704540154941322,Holis
5237377250463681677,Holis
6195004235947890987,Holis
7031027243271648440,Holis
7340280529443367077,Holis
-281024742462425125,Holis
-7334599239534103274,Holis
-3735589150140573832,Holis
-8837110165823666850,Holis
7393954667456103938,Holis
-675074935522514012,Holis
1040486953176979530,Holis
-6866132566351795486,Holis
5227453985498873805,Holis
4225190628924358284,Holis
-3768898499632432429,Holis
2473865710556860817,Holis
8543744389163576185,Holis
-7809127923119576312,Holis
8644303756341661081,Holis
1844655788128591806,Holis
7618425158846402170,Holis
-2929668790738083816,Holis
-569286263389341372,Holis
-8484481852666353137,Holis
2551802837043475620,Holis
-3129018579611976358,Holis
157007191287074939,Holis
-1757615201874547504,Holis
8411457496160965353,Holis
-6504755902922158182,Holis
-4914309183462867174,Holis
8587169084904821877,Holis
-8407799124866854217,Holis
-3541487063124535571,Holis
3905495864524334257,Holis
964310920398995545,Holis
4156339626916823030,Holis
2977917431876916040,Holis
1290904459506426410,Holis
2161712000445621125,Holis
3513594519637623348,Holis
8421452498356145619,Holis
-1507278728468222866,Holis
-7339837741994696914,Holis
-8848680498316878501,Holis
1667360469700598825,Holis
7528374435371837003,Holis
-3484509619402129854,Holis
8744995134391523024,Holis
-1133347410957845387,Holis
2019249455461343349,Holis
7794099557447514386,Holis
4643143316517631781,Holis
-5459386373425276686,Holis
7291078783543378916,Holis
-2971339212128655160,Holis
5110474486805092300,Holis
5804300745086020652,Holis
6964704752086413784,Holis
-1037625342538738224,Holis
-8599202283826996569,Holis
8710113663516009619,Holis
-4127345796332332739,Holis
-1365272930993364827,Holis
-5408666963450076187,Holis
-3236962165761016590,Holis
-7872339420347211370,Holis
1189232903332716810,Holis
-7466040881841457631,Holis
-1401783548235349585,Holis
-1109831004186881537,Holis
-6650241144873149673,Holis
1809087252829722128,Holis
-5920498148268199563,Holis
-802872111855130991,Holis
4468768521663731836,Holis
5795467440214789528,Holis
-8928556489134263431,Holis
4576987235197511521,Holis
1844655788128591806,Holis
1040486953176979530,Holis
4187984345668395139,Holis
-7869810786731167369,Holis
-2597943622526421232,Holis
-8609951793678761110,Holis
-7233183586214703016,Holis
4156339626916823030,Holis
-5198678590976947811,Holis
7441826261554421760,Holis
803852938467724074,Holis
-5611593574131976011,Holis
6606964785804157576,Holis
6686344232300500467,Holis
5354005754271806742,Holis
773731448704941557,Holis
-5298956426384971819,Holis
-7287190722555976568,Holis
6602587727348705317,Holis
-5535434927258335028,Holis
-8442109772058810745,Holis
166812947942232734,Holis
2985299011442597850,Holis
-5860415934518673786,Holis
1291189570598591984,Holis
1800227113411169610,Holis
-6707801769317713572,Holis
4589089125350193921,Holis
-3386071676653095345,Holis
-4182592715346819608,Holis
-1037625342538738224,Holis
867120054544845601,Holis
8664475572810899700,Holis
432593262017087675,Holis
-5855573230837083962,Holis
4778566258186012610,Holis
4187984345668395139,Holis
-3111136673429900531,Holis
61798081362102345,Holis
8861635775356018431,Holis
8421452498356145619,Holis
-340571405337978831,Holis
-5274053007955669488,Holis
-3445377569863131280,Holis
-3537562373526779754,Holis
7679107185328267455,Holis
1753107942436251117,Holis
-9035198339293883181,Holis
-2503453173159758060,Holis
-6774484982775656243,Holis
-7060558705361118697,Holis
-3776439875070040588,Holis
-1529233207019096859,Holis
-675074935522514012,Holis
-2072235452476571114,Holis
138081547612668221,Holis
-9066914550055890171,Holis
-3595494259328214064,Holis
4519881863825667553,Holis
6372325855526274411,Holis
226691997325046361,Holis
7275854668658372552,Holis
-6266838025813822861,Holis
4187984345668395139,Holis
-7659444417552711887,Holis
-930119641723862780,Holis
-516810915235471743,Holis
5267242763210101858,Holis
-1730785080088683862,Holis
2667201622879958731,Holis
670713753034230514,Holis
5219799400214112229,Holis
4032782629699405984,Holis
6284504455436833140,Holis
-3927530203003516174,Holis
4183843476485866514,Holis
5062998917455875952,Holis
-4121488326348651863,Holis
717566925329709847,Holis
3834555443354952642,Holis
-4053369760466394793,Holis
1963375449365210926,Holis
-1830638759357958044,Holis
-596553077430174048,Holis
-2620166710279916704,Holis
-9008134467075648807,Holis
-1978962664185393022,Holis
-1517932075736320370,Holis
-7932592588889870724,Holis
-8447383023879578564,Holis
4826671630289428842,Holis
-5966130835517933679,Holis
-3775641323822615892,Holis
-567261250040897270,Holis
3834555443354952642,Holis
5523044965841869080,Holis
-5920498148268199563,Holis
6135054988010823492,Holis
397918191266612547,Holis
4987427053483054120,Holis
-6233599971321722444,Holis
6525335603488128333,Holis
3002658526276742369,Holis
6261173247057442634,Holis
1187715044413642791,Holis
-1136002028429150718,Holis
6106191913261628514,Holis
2310059464801771988,Holis
4055869253202659233,Holis
2034872952990334594,Holis
-6935464217300930810,Holis
-2875145526760213096,Holis
-6435375476441322399,Holis
3485282233736161217,Holis
-1170096582973688805,Holis
-8891205535112710410,Holis
-2191551340107545549,Holis
6509226392594243451,Holis
-125217391532243142,Holis
-8690937209054134075,Holis
8412345648169698509
